seed,train_test_record_overlap
0,0.9804878048780488
1,0.9853658536585366
2,0.9512195121951219
3,0.9853658536585366
4,0.9853658536585366
5,0.9365853658536586
6,0.9560975609756097
7,0.9512195121951219
8,1.0
9,0.926829268292683
10,0.9512195121951219
11,0.9707317073170731
12,0.9707317073170731
13,0.9121951219512195
14,0.9707317073170731
15,1.0
16,0.9560975609756097
17,0.9853658536585366
18,0.9707317073170731
19,0.9707317073170731
20,0.9707317073170731
21,0.9853658536585366
22,0.9853658536585366
23,0.9853658536585366
24,0.9560975609756097
25,0.9853658536585366
26,0.9707317073170731
27,0.9707317073170731
28,1.0
29,1.0
30,0.9658536585365853
31,0.9853658536585366
32,0.9707317073170731
33,1.0
34,0.9707317073170731
35,1.0
36,0.9560975609756097
37,0.9853658536585366
38,0.9707317073170731
39,1.0
40,0.9853658536585366
41,0.9853658536585366
42,0.9707317073170731
43,0.9707317073170731
44,1.0
45,0.9853658536585366
46,0.9560975609756097
47,1.0
48,1.0
49,1.0
50,0.9707317073170731
51,0.9853658536585366
52,0.9707317073170731
53,0.9853658536585366
54,0.9560975609756097
55,1.0
56,0.9853658536585366
57,0.9512195121951219
58,0.9560975609756097
59,1.0
60,0.9560975609756097
61,0.9560975609756097
62,1.0
63,0.9707317073170731
64,0.9707317073170731
65,0.9560975609756097
66,0.926829268292683
67,1.0
68,1.0
69,1.0
70,1.0
71,0.9414634146341463
72,0.9658536585365853
73,0.9707317073170731
74,1.0
75,1.0
76,0.9707317073170731
77,0.9414634146341463
78,1.0
79,0.9707317073170731
80,0.9707317073170731
81,0.9707317073170731
82,1.0
83,1.0
84,0.9853658536585366
85,0.9707317073170731
86,0.9804878048780488
87,0.9512195121951219
88,0.9707317073170731
89,1.0
90,0.9853658536585366
91,0.9804878048780488
92,0.9853658536585366
93,0.9707317073170731
94,0.9707317073170731
95,0.9707317073170731
96,0.9658536585365853
97,0.9707317073170731
98,0.9658536585365853
99,0.9804878048780488
