seed,LR,NB,KNN,DT,RF,XGB,Stacking
0,0.8634146341463415,0.8536585365853658,0.8829268292682927,1.0,1.0,1.0,1.0
1,0.8097560975609757,0.7804878048780488,0.8341463414634146,1.0,1.0,1.0,1.0
2,0.8439024390243902,0.8634146341463415,0.8292682926829268,0.9804878048780488,1.0,1.0,1.0
3,0.824390243902439,0.8439024390243902,0.8536585365853658,0.9853658536585366,0.9853658536585366,1.0,0.9853658536585366
4,0.8146341463414634,0.8048780487804879,0.8634146341463415,1.0,1.0,1.0,1.0
5,0.848780487804878,0.8390243902439024,0.8975609756097561,1.0,1.0,1.0,1.0
6,0.8585365853658536,0.8195121951219512,0.8146341463414634,0.9853658536585366,0.9853658536585366,0.9853658536585366,0.9853658536585366
7,0.8682926829268293,0.848780487804878,0.848780487804878,1.0,1.0,1.0,1.0
8,0.8439024390243902,0.8195121951219512,0.8731707317073171,1.0,1.0,1.0,1.0
9,0.8780487804878049,0.8682926829268293,0.8634146341463415,0.9853658536585366,0.9853658536585366,0.9853658536585366,0.9853658536585366
10,0.8585365853658536,0.8341463414634146,0.824390243902439,1.0,1.0,1.0,1.0
11,0.8634146341463415,0.8439024390243902,0.8292682926829268,1.0,1.0,1.0,1.0
12,0.8341463414634146,0.7707317073170732,0.8634146341463415,1.0,1.0,1.0,1.0
13,0.8146341463414634,0.8097560975609757,0.824390243902439,0.9707317073170731,0.9707317073170731,0.9707317073170731,0.9853658536585366
14,0.8195121951219512,0.8390243902439024,0.8975609756097561,1.0,1.0,1.0,1.0
15,0.8341463414634146,0.8195121951219512,0.8926829268292683,1.0,1.0,1.0,1.0
16,0.8439024390243902,0.8292682926829268,0.8195121951219512,1.0,1.0,1.0,1.0
17,0.8390243902439024,0.8439024390243902,0.8536585365853658,1.0,1.0,1.0,1.0
18,0.8585365853658536,0.8146341463414634,0.8439024390243902,0.9853658536585366,1.0,0.9853658536585366,0.9853658536585366
19,0.848780487804878,0.8195121951219512,0.8097560975609757,1.0,1.0,1.0,1.0
20,0.7951219512195122,0.8,0.848780487804878,1.0,1.0,1.0,1.0
21,0.8292682926829268,0.8,0.824390243902439,1.0,1.0,1.0,1.0
22,0.8195121951219512,0.8,0.8146341463414634,1.0,1.0,1.0,1.0
23,0.8731707317073171,0.824390243902439,0.8829268292682927,1.0,1.0,1.0,1.0
24,0.8731707317073171,0.8390243902439024,0.8731707317073171,1.0,1.0,1.0,1.0
25,0.8292682926829268,0.7951219512195122,0.8634146341463415,1.0,1.0,1.0,1.0
26,0.8390243902439024,0.8439024390243902,0.848780487804878,1.0,1.0,1.0,1.0
27,0.8731707317073171,0.8634146341463415,0.8780487804878049,1.0,1.0,1.0,1.0
28,0.8682926829268293,0.8146341463414634,0.8341463414634146,1.0,1.0,1.0,1.0
29,0.8731707317073171,0.8390243902439024,0.8341463414634146,1.0,1.0,1.0,1.0
30,0.848780487804878,0.8146341463414634,0.8731707317073171,1.0,1.0,1.0,1.0
31,0.8634146341463415,0.8146341463414634,0.8536585365853658,0.9853658536585366,0.9853658536585366,0.9853658536585366,0.9853658536585366
32,0.8585365853658536,0.8536585365853658,0.8829268292682927,1.0,1.0,1.0,1.0
33,0.8585365853658536,0.8731707317073171,0.8390243902439024,1.0,1.0,1.0,1.0
34,0.8780487804878049,0.8341463414634146,0.7951219512195122,1.0,1.0,1.0,1.0
35,0.8292682926829268,0.8439024390243902,0.8536585365853658,1.0,1.0,1.0,1.0
36,0.8292682926829268,0.8682926829268293,0.8195121951219512,0.9853658536585366,0.9853658536585366,0.9707317073170731,0.9853658536585366
37,0.848780487804878,0.8341463414634146,0.8634146341463415,1.0,1.0,1.0,1.0
38,0.8341463414634146,0.8195121951219512,0.8439024390243902,1.0,1.0,1.0,1.0
39,0.8390243902439024,0.824390243902439,0.8341463414634146,1.0,1.0,1.0,1.0
40,0.8146341463414634,0.8195121951219512,0.8634146341463415,1.0,1.0,1.0,1.0
41,0.8341463414634146,0.8390243902439024,0.8585365853658536,1.0,1.0,1.0,1.0
42,0.7951219512195122,0.8,0.8341463414634146,0.9853658536585366,0.9853658536585366,0.9853658536585366,0.9853658536585366
43,0.8439024390243902,0.8195121951219512,0.8585365853658536,1.0,1.0,1.0,1.0
44,0.8780487804878049,0.8390243902439024,0.8829268292682927,1.0,1.0,1.0,1.0
45,0.824390243902439,0.8,0.8195121951219512,1.0,1.0,1.0,1.0
46,0.8195121951219512,0.8146341463414634,0.8536585365853658,1.0,1.0,1.0,1.0
47,0.8195121951219512,0.8097560975609757,0.8780487804878049,1.0,1.0,1.0,1.0
48,0.8439024390243902,0.8390243902439024,0.848780487804878,1.0,1.0,1.0,1.0
49,0.8536585365853658,0.848780487804878,0.8439024390243902,1.0,1.0,1.0,1.0
50,0.824390243902439,0.8146341463414634,0.8292682926829268,1.0,1.0,1.0,1.0
51,0.8439024390243902,0.8439024390243902,0.8585365853658536,1.0,1.0,1.0,1.0
52,0.8292682926829268,0.848780487804878,0.8,0.9853658536585366,0.9707317073170731,0.9707317073170731,0.9707317073170731
53,0.8341463414634146,0.824390243902439,0.8097560975609757,1.0,1.0,1.0,1.0
54,0.8536585365853658,0.8341463414634146,0.8585365853658536,1.0,0.9853658536585366,0.9853658536585366,1.0
55,0.8439024390243902,0.8146341463414634,0.8292682926829268,1.0,1.0,1.0,1.0
56,0.8048780487804879,0.824390243902439,0.8439024390243902,1.0,1.0,1.0,1.0
57,0.8536585365853658,0.824390243902439,0.8634146341463415,0.9804878048780488,1.0,1.0,1.0
58,0.8341463414634146,0.8146341463414634,0.848780487804878,1.0,1.0,1.0,1.0
59,0.8097560975609757,0.8097560975609757,0.824390243902439,1.0,1.0,1.0,1.0
60,0.8682926829268293,0.8,0.824390243902439,0.9853658536585366,1.0,1.0,1.0
61,0.8195121951219512,0.8536585365853658,0.824390243902439,1.0,1.0,1.0,1.0
62,0.8341463414634146,0.7951219512195122,0.8390243902439024,1.0,1.0,1.0,1.0
63,0.8390243902439024,0.824390243902439,0.8390243902439024,0.9853658536585366,0.9707317073170731,0.9707317073170731,0.9707317073170731
64,0.8292682926829268,0.824390243902439,0.8292682926829268,1.0,1.0,1.0,1.0
65,0.7853658536585366,0.7902439024390244,0.8292682926829268,0.9707317073170731,0.9853658536585366,0.9853658536585366,0.9707317073170731
66,0.848780487804878,0.8439024390243902,0.8780487804878049,1.0,1.0,1.0,1.0
67,0.8390243902439024,0.8390243902439024,0.8536585365853658,1.0,1.0,1.0,1.0
68,0.8585365853658536,0.8536585365853658,0.8146341463414634,1.0,1.0,1.0,1.0
69,0.8390243902439024,0.8341463414634146,0.8536585365853658,1.0,1.0,1.0,1.0
70,0.7951219512195122,0.7951219512195122,0.8439024390243902,1.0,1.0,1.0,1.0
71,0.8097560975609757,0.7560975609756098,0.8,0.9853658536585366,0.9853658536585366,0.9853658536585366,0.9853658536585366
72,0.824390243902439,0.8146341463414634,0.8,1.0,1.0,1.0,1.0
73,0.8390243902439024,0.8048780487804879,0.8097560975609757,0.9707317073170731,0.9707317073170731,0.9707317073170731,0.9707317073170731
74,0.8195121951219512,0.7804878048780488,0.7853658536585366,1.0,1.0,1.0,1.0
75,0.7951219512195122,0.7951219512195122,0.8292682926829268,1.0,1.0,1.0,1.0
76,0.8390243902439024,0.8195121951219512,0.8682926829268293,1.0,1.0,1.0,1.0
77,0.824390243902439,0.7951219512195122,0.8195121951219512,1.0,0.9853658536585366,1.0,1.0
78,0.8536585365853658,0.8341463414634146,0.848780487804878,1.0,1.0,1.0,1.0
79,0.8292682926829268,0.8097560975609757,0.8341463414634146,1.0,1.0,1.0,1.0
80,0.8780487804878049,0.8536585365853658,0.8536585365853658,0.9853658536585366,1.0,1.0,0.9853658536585366
81,0.8585365853658536,0.8341463414634146,0.8682926829268293,1.0,1.0,1.0,1.0
82,0.8146341463414634,0.8,0.8634146341463415,1.0,1.0,1.0,1.0
83,0.8439024390243902,0.8146341463414634,0.8097560975609757,1.0,1.0,1.0,1.0
84,0.8048780487804879,0.7853658536585366,0.8341463414634146,1.0,0.9853658536585366,0.9853658536585366,0.9853658536585366
85,0.8439024390243902,0.8195121951219512,0.8731707317073171,1.0,1.0,1.0,1.0
86,0.8097560975609757,0.7951219512195122,0.8292682926829268,1.0,1.0,1.0,1.0
87,0.848780487804878,0.8390243902439024,0.8341463414634146,1.0,1.0,1.0,1.0
88,0.8097560975609757,0.8097560975609757,0.8390243902439024,1.0,1.0,1.0,1.0
89,0.8439024390243902,0.8292682926829268,0.8585365853658536,1.0,1.0,1.0,1.0
90,0.8731707317073171,0.8097560975609757,0.848780487804878,0.9853658536585366,0.9853658536585366,1.0,0.9853658536585366
91,0.8341463414634146,0.8146341463414634,0.824390243902439,1.0,1.0,1.0,1.0
92,0.8926829268292683,0.8585365853658536,0.8341463414634146,1.0,1.0,1.0,1.0
93,0.8585365853658536,0.8292682926829268,0.8536585365853658,1.0,1.0,1.0,1.0
94,0.8780487804878049,0.824390243902439,0.8780487804878049,1.0,1.0,1.0,1.0
95,0.8926829268292683,0.8195121951219512,0.8780487804878049,1.0,1.0,1.0,1.0
96,0.8585365853658536,0.8195121951219512,0.8731707317073171,1.0,1.0,1.0,1.0
97,0.848780487804878,0.8390243902439024,0.8439024390243902,0.9853658536585366,1.0,1.0,1.0
98,0.8097560975609757,0.8341463414634146,0.8146341463414634,1.0,1.0,1.0,1.0
99,0.8682926829268293,0.824390243902439,0.8195121951219512,1.0,1.0,1.0,1.0
