Learner,Encoding,Accuracy,AUC
LR (C=0.05),integer-coded (paper),0.8287978142076503,0.8998945306236973
LR (C=0.05),one-hot (ours),0.8112021857923498,0.8936619000855112
LR (C=0.3),integer-coded (paper),0.8266120218579235,0.8954405997808776
LR (C=0.3),one-hot (ours),0.8410018214936247,0.9081779267543157
LR (C=1),integer-coded (paper),0.8255009107468123,0.8936019420394421
LR (C=1),one-hot (ours),0.8475956284153005,0.912600124926514
SVM-RBF (C=1),integer-coded (paper),0.8200364298724954,0.8926432813585592
SVM-RBF (C=1),one-hot (ours),0.809016393442623,0.8913699661963552
SVM-RBF (C=3),integer-coded (paper),0.7958834244080146,0.8823416038693818
SVM-RBF (C=3),one-hot (ours),0.8057012750455375,0.8875743212548767
KNN (k=9),integer-coded (paper),0.8233333333333334,0.8879196645689702
KNN (k=9),one-hot (ours),0.7990528233151185,0.8883514794105071
KNN (k=21),integer-coded (paper),0.818888888888889,0.8984002558655336
KNN (k=21),one-hot (ours),0.793551912568306,0.8834376753647588
GaussianNB,integer-coded (paper),0.8233879781420764,0.891029257522313
GaussianNB,one-hot (ours),0.7914207650273224,0.8744562022339799
RF (leaf=1),integer-coded (paper),0.8288160291438981,0.9028787377745712
RF (leaf=1),one-hot (ours),0.8034790528233151,0.8900115573726687
RF (leaf=3),integer-coded (paper),0.8321493624772314,0.9049689186841966
RF (leaf=3),one-hot (ours),0.7969034608378871,0.8910680047832825
ExtraTrees (leaf=3),integer-coded (paper),0.8476138433515483,0.9162269186574741
ExtraTrees (leaf=3),one-hot (ours),0.815664845173042,0.899734781679226
XGBoost (d=2),integer-coded (paper),0.8111111111111112,0.8934756794131793
XGBoost (d=2),one-hot (ours),0.8166848816029144,0.893674092111592
